연번,발송일시,사회관계망 서비스(SNS채널),형태,메세지내용,데이터기준일자
1,2024-01-05,카카오톡 채널,메시지,2024년 다자녀가정 지원 서비스,2025-06-23
2,2024-01-05,카카오톡 채널,메시지,"마을버스 3번, 시내버스 6번 변동사항",2025-06-23
3,2024-01-05,카카오톡 채널,메시지,아파트 화재 대피 행동요령,2025-06-23
4,2024-01-05,카카오톡 채널,메시지,과천시 공공심야약국,2025-06-23
5,2024-01-12,카카오톡 채널,메시지,2024 더 좋아지는 과천생활,2025-06-23
6,2024-01-12,카카오톡 채널,메시지,「제4기 과천시 주민참여예산위원회」 시위원/동위원 공개모집,2025-06-23
7,2024-01-12,카카오톡 채널,메시지,오래된 주민등록증 무료 재발급 받으세요,2025-06-23
8,2024-01-12,카카오톡 채널,메시지,과천시 청소년수련관 VR 체험존 시범운영,2025-06-23
9,2024-01-19,카카오톡 채널,메시지,"과천시&양평군, 공동형 종합장사시설 MOU 체결",2025-06-23
10,2024-01-19,카카오톡 채널,메시지,이동식 감속유도 보조장치 특허출원&시범운영,2025-06-23
11,2024-01-19,카카오톡 채널,메시지,1월 자동차세 연납 & 노후경유차 환경개선부담금,2025-06-23
12,2024-01-19,카카오톡 채널,메시지,"과천시&양평군, 공동형 종합장사시설 MOU 체결",2025-06-23
13,2024-01-26,카카오톡 채널,메시지,2월 과천토리 인센티브 10%,2025-06-23
14,2024-01-26,카카오톡 채널,메시지,"마을버스 5번 증차, 마을버스 3번 정류소 위치 변경",2025-06-23
15,2024-01-26,카카오톡 채널,메시지,자전거 구입 보조금 지원,2025-06-23
16,2024-01-26,카카오톡 채널,메시지,2024 임산부 친환경 농산물 꾸러미 지원사업,2025-06-23
17,2024-02-01,카카오톡 채널,메시지,지정타 S4앞 교차로 좌회전차로 증설,2025-06-23
18,2024-02-01,카카오톡 채널,메시지,식품진흥기금 융자사업 저금리,2025-06-23
19,2024-02-01,카카오톡 채널,메시지,과천시 애향장학회,2025-06-23
20,2024-02-01,카카오톡 채널,메시지,과천문화재단 2월 공연 소식,2025-06-23
21,2024-02-08,카카오톡 채널,메시지,과천시장 신년인사,2025-06-23
22,2024-02-08,카카오톡 채널,메시지,2024 과천시 설 연휴 종합대책,2025-06-23
23,2024-02-08,카카오톡 채널,메시지,음식점 주방시설 개선 지원사업,2025-06-23
24,2024-02-08,카카오톡 채널,메시지,배달특급 설맞이 2월 이벤트,2025-06-23
25,2024-02-16,카카오톡 채널,메시지,경기도 사회조사 거주만족도 1위,2025-06-23
26,2024-02-16,카카오톡 채널,메시지,"시민안전보험, 자전거보험",2025-06-23
27,2024-02-16,카카오톡 채널,메시지,과천형 기업 인턴 체험 사업 참여자 모집,2025-06-23
28,2024-02-16,카카오톡 채널,메시지,2024 어르신 해피워크,2025-06-23
29,2024-02-23,카카오톡 채널,메시지,네이버카페 과천시 또바기,2025-06-23
30,2024-02-23,카카오톡 채널,메시지,과천공연예술축제 프로그램특별상 수상,2025-06-23
31,2024-02-23,카카오톡 채널,메시지,공항버스 8842 지정타 정류소 경유,2025-06-23
32,2024-02-23,카카오톡 채널,메시지,과천시 반려견 순찰대 추가모집,2025-06-23
33,2024-03-08,카카오톡 채널,메시지,"아이 낳고 키우기 좋은 도시 과천, 합계출산율 1위",2025-06-23
34,2024-03-08,카카오톡 채널,메시지,다자녀 양육 바우처,2025-06-23
35,2024-03-08,카카오톡 채널,메시지,친환경(전기·수소) 자동차 구매보조금 지원 안내,2025-06-23
36,2024-03-08,카카오톡 채널,메시지,여성청소년 생리용품 바우처 신청 안내,2025-06-23
37,2024-03-15,카카오톡 채널,메시지,누구나돌봄 사업,2025-06-23
38,2024-03-15,카카오톡 채널,메시지,과천시 청년 멘토링 멘티 모집,2025-06-23
39,2024-03-15,카카오톡 채널,메시지,퇴근길 학습한잔 수강팀 모집,2025-06-23
40,2024-03-15,카카오톡 채널,메시지,반려동물 의료 및 돌봄 서비스 지원사업,2025-06-23
41,2024-03-22,카카오톡 채널,메시지,"과천시, 유니세프 '아동친화도시' 인증 획득",2025-06-23
42,2024-03-22,카카오톡 채널,메시지,2024 찾아가는 시민 자전거 교육,2025-06-23
43,2024-03-22,카카오톡 채널,메시지,개별·공동주택가격 및 개별공시지가(안) 열람 & 의견제출 안내,2025-06-23
44,2024-03-22,카카오톡 채널,메시지,과천시민 서울랜드 할인,2025-06-23
45,2024-03-29,카카오톡 채널,메시지,2024 과천재즈피크닉,2025-06-23
46,2024-03-29,카카오톡 채널,메시지,과천시 어르신·청소년 무상교통 명칭 설문조사,2025-06-23
47,2024-03-29,카카오톡 채널,메시지,제1회 과천시 맛집선발대회,2025-06-23
48,2024-03-29,카카오톡 채널,메시지,4월 과천문화재단 공연 소식,2025-06-23
49,2024-04-05,카카오톡 채널,메시지,제22대 국회의원선거,2025-06-23
50,2024-04-05,카카오톡 채널,메시지,역사문화관광지 모바일 스탬프투어,2025-06-23
51,2024-04-05,카카오톡 채널,메시지,주민참여예산 제안사업 공모,2025-06-23
52,2024-04-05,카카오톡 채널,메시지,4월 청년 낭만프로그램,2025-06-23
53,2024-04-12,카카오톡 채널,메시지,신혼부부 주택전세자금 대출이자 지원,2025-06-23
54,2024-04-12,카카오톡 채널,메시지,2024 장애주간행사,2025-06-23
55,2024-04-12,카카오톡 채널,메시지,2024 상반기 광견병 예방접종,2025-06-23
56,2024-04-12,카카오톡 채널,메시지,과천아카데미 347강,2025-06-23
57,2024-04-19,카카오톡 채널,메시지,제14회 과천시 평생학습축제,2025-06-23
58,2024-04-19,카카오톡 채널,메시지,정보과학도서관 과학의 날 특별행사,2025-06-23
59,2024-04-19,카카오톡 채널,메시지,2024 과천 글로벌 테마영어 체험축제,2025-06-23
60,2024-04-19,카카오톡 채널,메시지,2024 과천시 일자리박람회,2025-06-23
61,2024-04-26,카카오톡 채널,메시지,2024 상반기 「과천 사는 이야기 마당」 개최,2025-06-23
62,2024-04-26,카카오톡 채널,메시지,[SNS이벤트] 과천시 어르신·청소년 무상교통 이름은?,2025-06-23
63,2024-04-26,카카오톡 채널,메시지,"2024 과천시 SNS시민기자단 ""영상부문"" 추가모집",2025-06-23
64,2024-04-26,카카오톡 채널,메시지,과천문화재단 5월 공연 소식,2025-06-23
65,2024-05-03,카카오톡 채널,메시지,과천재즈피크닉,2025-06-23
66,2024-05-03,카카오톡 채널,메시지,2024 과천시 어린이축제,2025-06-23
67,2024-05-03,카카오톡 채널,메시지,The 경기패스,2025-06-23
68,2024-05-03,카카오톡 채널,메시지,과천사는이야기마당,2025-06-23
69,2024-05-10,카카오톡 채널,메시지,2024 과천시 어린이 안전축제,2025-06-23
70,2024-05-10,카카오톡 채널,메시지,과천시 화장 장려금 신청하세요,2025-06-23
71,2024-05-10,카카오톡 채널,메시지,과천토리패스 홍보영상 공모전,2025-06-23
72,2024-05-10,카카오톡 채널,메시지,과천시보건소 모바일 걷기 챌린지,2025-06-23
73,2024-05-17,카카오톡 채널,메시지,5월 20일부터 병원갈때 신분증 가져가세요,2025-06-23
74,2024-05-17,카카오톡 채널,메시지,5/19 과천마라톤대회 도로통제,2025-06-23
75,2024-05-17,카카오톡 채널,메시지,과천토리패스 홍보영상 공모전,2025-06-23
76,2024-05-17,카카오톡 채널,메시지,지정타 과천대로1길 도로 전체 개통,2025-06-23
77,2024-05-23,카카오톡 채널,메시지,과천행복어울림센터 개관,2025-06-23
78,2024-05-23,카카오톡 채널,메시지,제1회 과천환경축제,2025-06-23
79,2024-05-23,카카오톡 채널,메시지,후면 무인단속카메라 추가 설치,2025-06-23
80,2024-05-23,카카오톡 채널,메시지,2024 지역사회건강조사 실시 안내,2025-06-23
81,2024-05-31,카카오톡 채널,메시지,과천토리패스 신청하세요,2025-06-23
82,2024-05-31,카카오톡 채널,메시지,관문체육공원 제2실내체육관 건립 기공식 개최,2025-06-23
83,2024-05-31,카카오톡 채널,메시지,과천문화재단 6월 공연 소식,2025-06-23
84,2024-05-31,카카오톡 채널,메시지,과천토리 인센티브 7%로 상향 & 월 구매한도 70만원으로 확대,2025-06-23
85,2024-06-07,카카오톡 채널,메시지,과천 미래 100년 포럼,2025-06-23
86,2024-06-07,카카오톡 채널,메시지,2024 산사음악회,2025-06-23
87,2024-06-07,카카오톡 채널,메시지,경기형 가족돌봄수당,2025-06-23
88,2024-06-07,카카오톡 채널,메시지,전입신고 신분증 꼭 가져가세요,2025-06-23
89,2024-06-14,카카오톡 채널,메시지,국도47호선 우회도로 서울방향 임시개통,2025-06-23
90,2024-06-14,카카오톡 채널,메시지,지정타 공영자전거 대여소 설치,2025-06-23
91,2024-06-14,카카오톡 채널,메시지,과천아카데미 350강,2025-06-23
92,2024-06-14,카카오톡 채널,메시지,6월 자동차세 납부,2025-06-23
93,2024-06-20,카카오톡 채널,메시지,민선8기 2주년기념 SNS이벤트,2025-06-23
94,2024-06-20,카카오톡 채널,메시지,배달특급 6/21(금) 하루 만원 쿠폰 증정,2025-06-23
95,2024-06-20,카카오톡 채널,메시지,[과천 학부모 아카데미] 화내지 않고 소리 지르지않는 아들 육아법,2025-06-23
96,2024-06-20,카카오톡 채널,메시지,"국도47호선 우회도로 서울방향, 6월 30일부터 임시개통",2025-06-23
97,2024-06-28,카카오톡 채널,메시지,장마 이렇게 대비하세요!,2025-06-23
98,2024-06-28,카카오톡 채널,메시지,전국민 마음투자 지원사업,2025-06-23
99,2024-06-28,카카오톡 채널,메시지,과천문화재단 7월 공연 소식,2025-06-23
100,2024-06-28,카카오톡 채널,메시지,민선8기 2주년기념 SNS이벤트,2025-06-23
101,2024-07-05,카카오톡 채널,메시지,2024 과천시 물놀이장 OPEN,2025-06-23
102,2024-07-05,카카오톡 채널,메시지,2024 퇴근길 학습 한잔 하반기 수강팀 모집,2025-06-23
103,2024-07-05,카카오톡 채널,메시지,지역서점 지역화폐 소비지원금 사업,2025-06-23
104,2024-07-05,카카오톡 채널,메시지,지능형교통체계 7월부터 운영 시작,2025-06-23
105,2024-07-26,카카오톡 채널,메시지,"일회용기 없는 카페, 페이브베이커리 과천센텀스퀘어점",2025-06-23
106,2024-07-26,카카오톡 채널,메시지,"산후조리비 지원금 사용처, 8월 1일부터 확대",2025-06-23
107,2024-07-26,카카오톡 채널,메시지,갈현초 물놀이장 개장,2025-06-23
108,2024-07-26,카카오톡 채널,메시지,비행지구 8월 청년 낭만 프로그램,2025-06-23
109,2024-08-09,카카오톡 채널,메시지,[SNS이벤트] 과천시 인스타그램 1만 팔로워 기념 1만 받고 더블로 가,2025-06-23
110,2024-08-09,카카오톡 채널,메시지,과천대로 서울방향 도로 축소 공사 시작,2025-06-23
111,2024-08-09,카카오톡 채널,메시지,갈현초 및 율목초·중학교 주변에 방범용 CCTV 15대 추가 설치,2025-06-23
112,2024-08-09,카카오톡 채널,메시지,8월 주민세(사업소분 & 개인분) 신고·납부의 달,2025-06-23
113,2024-08-16,카카오톡 채널,메시지,코로나19 재확산 호흡기 감염병 주의,2025-06-23
114,2024-08-16,카카오톡 채널,메시지,"유치원, 어린이집, 학교 30m 금연구역",2025-06-23
115,2024-08-16,카카오톡 채널,메시지,과천과천 공공주택지구 사업 추진 본격화,2025-06-23
116,2024-08-16,카카오톡 채널,메시지,탄소중립 초성퀴즈 이벤트 8월 22일은 에너지의 날,2025-06-23
117,2024-08-23,카카오톡 채널,메시지,2024 하반기 신혼부부 주택전세자금 대출이자 지원,2025-06-23
118,2024-08-23,카카오톡 채널,메시지,2024 과천시 댕댕이 시민학교 참여자 모집,2025-06-23
119,2024-08-23,카카오톡 채널,메시지,가정보육 어린이 신선한 제철과일 지원,2025-06-23
120,2024-08-23,카카오톡 채널,메시지,문원도서관 9월 인문학 강의,2025-06-23
121,2024-08-30,카카오톡 채널,메시지,2024 과천시민 밤줍기 행사,2025-06-23
122,2024-08-30,카카오톡 채널,메시지,2024 추석맞이 9월 과천토리 인센티브,2025-06-23
123,2024-08-30,카카오톡 채널,메시지,2024 음악과 영화의 만남,2025-06-23
124,2024-08-30,카카오톡 채널,메시지,시정소식지 과천사랑 9월호 발간,2025-06-23
125,2024-09-06,카카오톡 채널,메시지,청년과 함께하는 과천 사는 이야기 마당,2025-06-23
126,2024-09-06,카카오톡 채널,메시지,학교 주변 위해요소 안전점검단속 & 어린이 교통 안전 캠페인,2025-06-23
127,2024-09-06,카카오톡 채널,메시지,갈현동행정복지센터 24시간 무인민원발급기 설치,2025-06-23
128,2024-09-06,카카오톡 채널,메시지,갈현생활문화센터 공간 대관 서비스,2025-06-23
129,2024-09-13,카카오톡 채널,메시지,2024 과천시 추석 연휴 종합대책,2025-06-23
130,2024-09-13,카카오톡 채널,메시지,과천시 고향사랑기부제,2025-06-23
131,2024-09-13,카카오톡 채널,메시지,반려동물 보험가입 지원,2025-06-23
132,2024-09-13,카카오톡 채널,메시지,[SNS이벤트 당첨자 발표] 탄소중립 인식 향상 초성퀴즈 #4,2025-06-23
133,2024-09-20,카카오톡 채널,메시지,2024 과천공연예술축제,2025-06-23
134,2024-09-20,카카오톡 채널,메시지,출발! 비행하는 과천 청년 과천 청년축제 ,2025-06-23
135,2024-09-20,카카오톡 채널,메시지,과천 책문화 축제,2025-06-23
136,2024-09-20,카카오톡 채널,메시지,에어드리 공원 재정비 완료,2025-06-23
137,2024-09-27,카카오톡 채널,메시지,2024 과천공연예술축제,2025-06-23
138,2024-09-27,카카오톡 채널,메시지,[SNS이벤트] 과천공연예술축제 즐기고~ 올리고~,2025-06-23
139,2024-09-27,카카오톡 채널,메시지,10월 낭만 프로그램,2025-06-23
140,2024-09-27,카카오톡 채널,메시지,문원도서관 10월 인문학 강의,2025-06-23
141,2024-10-04,카카오톡 채널,메시지,제39회 과천시민의 날 기념식 & 과천시민 체육대축전,2025-06-23
142,2024-10-04,카카오톡 채널,메시지,과천시보건소 모바일 걷기챌린지,2025-06-23
143,2024-10-04,카카오톡 채널,메시지,"제1회 과천 추사아트페스티벌 <글,씨정원>",2025-06-23
144,2024-10-04,카카오톡 채널,메시지,과천아카데미 제353강,2025-06-23
145,2024-10-11,카카오톡 채널,메시지,인플루엔자(독감) 무료 예방접종,2025-06-23
146,2024-10-11,카카오톡 채널,메시지,배달특급 앱에서 과천토리 사용 결제금액 5% 환급,2025-06-23
147,2024-10-11,카카오톡 채널,메시지,2025년 과천시 행정모니터 모집,2025-06-23
148,2024-10-11,카카오톡 채널,메시지,2024 제4회 달빛 인문학 살롱 : 달의 품격,2025-06-23
149,2024-10-25,카카오톡 채널,메시지,제22회 과천 토리아리 과학축제,2025-06-23
150,2024-10-25,카카오톡 채널,메시지,감염병 바로알기 체험의 날 행사 ,2025-06-23
151,2024-10-25,카카오톡 채널,메시지,탄소중립 시민강좌,2025-06-23
152,2024-10-25,카카오톡 채널,메시지,청년기본소득 4분기 신청 안내,2025-06-23
153,2024-11-01,카카오톡 채널,메시지,음악과 함께하는 가을 캠프닉,2025-06-23
154,2024-11-01,카카오톡 채널,메시지,2024 과천시 청소년동아리 색다른 하루,2025-06-23
155,2024-11-01,카카오톡 채널,메시지,과천아카데미 트렌드코리아 2025,2025-06-23
156,2024-11-01,카카오톡 채널,메시지,"탄소중립 실천, 다회용컵 사용으로 시작",2025-06-23
157,2024-11-08,카카오톡 채널,메시지,[SNS 이벤트] 과천은 가을가을해,2025-06-23
158,2024-11-08,카카오톡 채널,메시지,11월 걷기 챌린지 3주동안 15만보 걷고 과천토리 받으세요,2025-06-23
159,2024-11-08,카카오톡 채널,메시지,2024 제5회 달빛 인문학 살롱,2025-06-23
160,2024-11-08,카카오톡 채널,메시지,2024 가구주택기초조사 실시,2025-06-23
161,2024-11-15,카카오톡 채널,메시지,"위례~과천 광역철도사업, KDI(한국개발연구원) 민자적격성 조사 통과",2025-06-23
162,2024-11-15,카카오톡 채널,메시지,주요 현안사업 진행상황은 과천시청 누리집에서 확인,2025-06-23
163,2024-11-15,카카오톡 채널,메시지,시내버스 6번 증차 노선변경,2025-06-23
164,2024-11-15,카카오톡 채널,메시지,과천온정,2025-06-23
165,2024-11-22,카카오톡 채널,메시지,과천에서도 기동카 쓴다!,2025-06-23
166,2024-11-22,카카오톡 채널,메시지,과천토리 10만원 사용하고 3만원 추첨 이벤트 참여하세요,2025-06-23
167,2024-11-22,카카오톡 채널,메시지,겨울철 한파 대비 우리집 수도·보일러 동파 예방하세요,2025-06-23
168,2024-11-22,카카오톡 채널,메시지,돌아온 청사유휴지,2025-06-23
169,2024-11-29,카카오톡 채널,메시지,2024 과천시 10대 뉴스 투표,2025-06-23
170,2024-11-29,카카오톡 채널,메시지,시정소식지 과천사랑 만족도 조사,2025-06-23
171,2024-11-29,카카오톡 채널,메시지,12월걷기챌린지,2025-06-23
172,2024-11-29,카카오톡 채널,메시지,경기도청년 면접수당,2025-06-23
173,2024-12-06,카카오톡 채널,메시지,"과천미래100년 포럼 <시민과 도시, 현재와 미래를 연결하는 과천교통 포럼>",2025-06-23
174,2024-12-06,카카오톡 채널,메시지,2025 동계 대학생 행정체험연수 1기 참여자 모집,2025-06-23
175,2024-12-06,카카오톡 채널,메시지,과천의 안전을 책임지는 우리는 공무원핑,2025-06-23
176,2024-12-06,카카오톡 채널,메시지,고향사랑기부제,2025-06-23
177,2024-12-13,카카오톡 채널,메시지,과천시 문원체육공원 야외 스케이트장 개장,2025-06-23
178,2024-12-13,카카오톡 채널,메시지,"과천시 1,2번 마을버스 증차",2025-06-23
179,2024-12-13,카카오톡 채널,메시지,경기지역화폐 과천토리 이용만족도 설문조사,2025-06-23
180,2024-12-13,카카오톡 채널,메시지,12월 자동차세 납부의 달,2025-06-23
181,2024-12-20,카카오톡 채널,메시지,2025 과천시 SNS시민기자단 모집,2025-06-23
182,2024-12-20,카카오톡 채널,메시지,과천시 10대 뉴스 결과 공개,2025-06-23
183,2024-12-20,카카오톡 채널,메시지,국립과천과학관 & 안양과천교육지원청과 업무협약 체결,2025-06-23
184,2024-12-20,카카오톡 채널,메시지,과천 공영주차장 요금 변동,2025-06-23
185,2024-12-27,카카오톡 채널,메시지,2025 을사년 신년인사,2025-06-23
186,2024-12-27,카카오톡 채널,메시지,2025 과천시 SNS시민기자단 모집,2025-06-23
187,2024-12-27,카카오톡 채널,메시지,1월 1일부터 과천토리패스 혜택 확대,2025-06-23
188,2024-12-27,카카오톡 채널,메시지,과천 마을버스 요금 인상 (2025년 1월 1일부터~),2025-06-23
189,2025-01-10,카카오톡 채널,메시지,설연휴 알뜰 소비하세요! 과천토리 온누리상품권,2025-06-23
190,2025-01-10,카카오톡 채널,메시지,임신 사전건강관리 지원,2025-06-23
191,2025-01-10,카카오톡 채널,메시지,대학생 행정체험연수 2기,2025-06-23
192,2025-01-10,카카오톡 채널,메시지,과천시 시민감사관 모집,2025-06-23
193,2025-01-17,카카오톡 채널,메시지,과천다움주택 입주자 모집,2025-06-23
194,2025-01-17,카카오톡 채널,메시지,자동차세 연납 신고납부기간,2025-06-23
195,2025-01-17,카카오톡 채널,메시지,과천시민 우선채용기업 대상 보조금 지원,2025-06-23
196,2025-01-17,카카오톡 채널,메시지,야간에 의약품이 필요하다면? 공공심야약국,2025-06-23
197,2025-01-24,카카오톡 채널,메시지,설연휴 종합대책,2025-06-23
198,2025-01-24,카카오톡 채널,메시지,새해소망 오징어게임에 참가하시겠습니까?,2025-06-23
199,2025-01-24,카카오톡 채널,메시지,전기자전거 구입 보조금 지원,2025-06-23
200,2025-01-24,카카오톡 채널,메시지,애향장학회 대학생 장학금 신청,2025-06-23
201,2025-02-07,카카오톡 채널,메시지,2025년 더 좋아지는 과천 생활! 한 눈에 확인하세요~,2025-06-23
202,2025-02-07,카카오톡 채널,메시지,2월 과천토리 인센티브 지급률(할인율) 10%,2025-06-23
203,2025-02-07,카카오톡 채널,메시지,반려견 순찰대 모집,2025-06-23
204,2025-02-07,카카오톡 채널,메시지,"내 집, 내 점포 앞 눈치우기 함께해요",2025-06-23
205,2025-02-14,카카오톡 채널,메시지,수요자 중심 맞춤형 평생학습 2025 상반기 배달강좌 수강팀 모집,2025-06-23
206,2025-02-14,카카오톡 채널,메시지,과천아기 오감발달교실 운영 안내,2025-06-23
207,2025-02-14,카카오톡 채널,메시지,"친환경자동차(전기,수소전기자동차) 구매 보조금 지원",2025-06-23
208,2025-02-14,카카오톡 채널,메시지,과천 청년 멘토링 사업-멘티 모집,2025-06-23
209,2025-02-21,카카오톡 채널,메시지,초등학교 입학축하금 지원,2025-06-23
210,2025-02-21,카카오톡 채널,메시지,과천시는 다 계획이 있구나! 과천다움주택,2025-06-23
211,2025-02-21,카카오톡 채널,메시지,과천형 기업 인턴 체험사업 채용연계형 인턴 모집,2025-06-23
212,2025-02-21,카카오톡 채널,메시지,과천 여성청소년 모두 드립니다! 생리용품 보편지원,2025-06-23
213,2025-02-28,카카오톡 채널,메시지,제2회 과천시 맛집선발대회 개최,2025-06-23
214,2025-02-28,카카오톡 채널,메시지,청년기본소득 1분기 신청,2025-06-23
215,2025-02-28,카카오톡 채널,메시지,과천시 임산부에게 '친환경 농산물 꾸러미'를 드립니다,2025-06-23
216,2025-02-28,카카오톡 채널,메시지,시정소식지 과천사랑 3월호 발행,2025-06-23
217,2025-03-07,카카오톡 채널,메시지,갈현생활문화센터에서는 가능해,2025-06-23
218,2025-03-07,카카오톡 채널,메시지,모바일 헬스케어 참여자 모집,2025-06-23
219,2025-03-07,카카오톡 채널,메시지,대안교육기관&타지역 입학생도 교복구입비 드립니다,2025-06-23
220,2025-03-07,카카오톡 채널,메시지,과천의 새로운 명물 시청 로비 미디어월,2025-06-23
221,2025-03-14,카카오톡 채널,메시지,[과천시 SNS 팔로우 이벤트] 봄 내려온다~,2025-06-23
222,2025-03-14,카카오톡 채널,메시지,문원도서관 4월 인문학 강의,2025-06-23
223,2025-03-14,카카오톡 채널,메시지,과천 난임부부 대상 한방난임치료 지원,2025-06-23
224,2025-03-14,카카오톡 채널,메시지,모바일 주민등록증 사용하세요,2025-06-23
225,2025-03-21,카카오톡 채널,메시지,쁘띠휘바맘의 소비 꿀팁 대방출,2025-06-23
226,2025-03-21,카카오톡 채널,메시지,SNS이벤트 참여기간 연장,2025-06-23
227,2025-03-21,카카오톡 채널,메시지,4/12 과천시 건강 한마당 축제 개최,2025-06-23
228,2025-03-21,카카오톡 채널,메시지,"생명사랑 헌혈의 날, 과천 중앙공원 헌혈 버스 운영",2025-06-23
229,2025-03-28,카카오톡 채널,메시지,제2회 맛집선발대회 결과,2025-06-23
230,2025-03-28,카카오톡 채널,메시지,과천시 나눔목공소 OPEN,2025-06-23
231,2025-03-28,카카오톡 채널,메시지,1년에 한번씩 광견병 예방접종,2025-06-23
232,2025-03-28,카카오톡 채널,메시지,아빠 육아휴직 장려금 신청 안내,2025-06-23
233,2025-04-03,카카오톡 채널,메시지,과천재즈피크닉,2025-06-23
234,2025-04-03,카카오톡 채널,메시지,신혼부부 주택전세자금 대출이자 지원,2025-06-23
235,2025-04-03,카카오톡 채널,메시지,봄 내려온다 SNS이벤트,2025-06-23
236,2025-04-03,카카오톡 채널,메시지,산불 국민행동요령,2025-06-23
237,2025-04-11,카카오톡 채널,메시지,어린이안전축제,2025-06-23
238,2025-04-11,카카오톡 채널,메시지,2026 주민참여예산,2025-06-23
239,2025-04-11,카카오톡 채널,메시지,5060 인생 이모작 프로젝트 수강생 모집,2025-06-23
240,2025-04-11,카카오톡 채널,메시지,4/20 장애인의 날 과천장애공감축제,2025-06-23
241,2025-04-18,카카오톡 채널,메시지,과천 임파서블! 안전도시 과천,2025-06-23
242,2025-04-18,카카오톡 채널,메시지,4/19 정보과학도서관 과학 특별 행사,2025-06-23
243,2025-04-18,카카오톡 채널,메시지,과천시 평생학습축제,2025-06-23
244,2025-04-18,카카오톡 채널,메시지,4/22(화) 23시~익일 8시 홈페이지 일시중단,2025-06-23
245,2025-04-25,카카오톡 채널,메시지,과천시 평생학습축제,2025-06-23
246,2025-04-25,카카오톡 채널,메시지,과천아카데미 357강,2025-06-23
247,2025-04-25,카카오톡 채널,메시지,과천청년 비행지구 5월 낭만 프로그램,2025-06-23
248,2025-04-25,카카오톡 채널,메시지,과천 소상공인 환경개선 지원사업,2025-06-23
249,2025-05-02,카카오톡 채널,메시지,VR센터에 입장하시겠습니까?,2025-06-23
250,2025-05-02,카카오톡 채널,메시지,과천재즈피크닉,2025-06-23
251,2025-05-02,카카오톡 채널,메시지,과천시 어린이 축제,2025-06-23
252,2025-05-02,카카오톡 채널,메시지,청년 어학자격시험 응시료 지원,2025-06-23
253,2025-05-16,카카오톡 채널,메시지,올바른 분리배출 챌린지,2025-06-23
254,2025-05-16,카카오톡 채널,메시지,5월 대한민국 통행축제 과천 상점가 공동마케팅,2025-06-23
255,2025-05-16,카카오톡 채널,메시지,과천아카데미 358강,2025-06-23
256,2025-05-16,카카오톡 채널,메시지,문원도서관 인문학 강의 현대미술 흐름과 주요작가,2025-06-23
257,2025-05-23,카카오톡 채널,메시지,과천시립요양원 입소자 모집,2025-06-23
258,2025-05-23,카카오톡 채널,메시지,제21대 대통령선거,2025-06-23
259,2025-05-23,카카오톡 채널,메시지,과천시 환경축제,2025-06-23
260,2025-05-23,카카오톡 채널,메시지,과천청년축제기획단 모집,2025-06-23
261,2025-06-05,카카오톡 채널,메시지,과천의 기묘한 이야기,2025-06-23
262,2025-06-05,카카오톡 채널,메시지,과천시 일자리박람회,2025-06-23
263,2025-06-05,카카오톡 채널,메시지,보건소 모바일 걷기 챌린지,2025-06-23
264,2025-06-05,카카오톡 채널,메시지,에어로빅 기체조 야간 운동교실,2025-06-23
265,2025-06-09,카카오톡 채널,메시지,과천시 홈페이지 오류 안내,2025-06-23
266,2025-06-09,카카오톡 채널,메시지,과천시 홈페이지 복구 안내,2025-06-23
267,2025-06-12,카카오톡 채널,메시지,과천 애순이가 너무 좋은 이유는?,2025-06-23
268,2025-06-12,카카오톡 채널,메시지,SNS 이벤트 초성퀴즈 맞추기,2025-06-23
269,2025-06-12,카카오톡 채널,메시지,2025 산사음악회,2025-06-23
270,2025-06-12,카카오톡 채널,메시지,하계 대학생 행정체험연수 1기 참여자 모집,2025-06-23
